ID,Item
31357,HiPP喜宝有机Combiotic较大婴儿配方奶粉2段
31358,HiPP喜宝有机Combiotic婴儿配方奶粉1段
31359,HiPP喜宝有机Combiotic幼儿配方奶粉3段
31360,HiPP喜宝有机婴幼儿5种谷物粉200克/盒
31361,喜宝有机婴幼儿精选小米粉350g/盒
31362,HiPP喜宝有机婴幼儿大米粉200克/盒
31363,德国HiPP喜宝益生元婴幼儿奶粉2+段
31364,德国HiPP喜宝益生元婴幼儿奶粉2段
31365,德国HiPP喜宝益生元婴幼儿乳奶粉1+段
31366,喜宝吸吸乐苹果草莓香蕉口味100g/袋
31367,喜宝吸吸乐梨香蕉猕猴桃口味100g/袋
31368,喜宝吸吸乐苹果梨香蕉口味100g/袋
31369,喜宝吸吸乐苹果桃子莓果口味100g/袋
31370,喜宝吸吸乐苹果芒果桃子口味100g/袋
31371,喜宝吸吸乐梨苹果芒果百香果口味100g/袋
31372,喜宝有机奶粉2段800克
31373,德国HiPP喜宝有机奶粉3段_800g
31374,Purtier月见草核苷酸胶囊60粒/瓶
31375,SoriaNatural森力亚天然铁源素口服液250ml/瓶
31376,SoriaNatural森力亚皇金肝口服液
31377,Swisse kids儿童脑部发育益智DHA软胶囊30粒
31378,Swisse Ultiboost补铁片30片
31379,Swisse蔓越莓毛孔修复面膜70G
31380,Swisse黄瓜卸妆液300ml
31381,Swisse摩洛哥坚果抗老化眼霜15ml
31382,胶原蛋白加透明质酸片
31383,Swisse睡眠改善片100片
31384,Swisse深海鱼油软胶囊无腥味1500mg400粒新版
31385,Swisse维C泡腾片60片新
31386,Swisse钙+维生素D片150片
31387,Swisse葡萄糖胺片180片
31388,Swisse婴幼儿DHA+EPA鱼油软胶囊新版60粒
31389,Swisse婴幼儿柠檬酸钙D软胶囊60粒
31390,Swisse奶蓟草肝脏排毒片120片
31391,Swisse儿童骨骼成长咀嚼片50片
31392,Swisse高强度蜂胶胶囊210粒
31393,Swisse胶原蛋白液500ml
31394,Swisse清肺片90片
31395,Swisse高强度蔓越莓胶囊25000mg30粒
31396,Swisse月见草油胶囊200粒
31397,Swisse Ultiboost补铁片30片
31398,Swisse男性复合维生素120片
31399,Swisse儿童复合维生素咀嚼片120
31400,Swisse葡萄籽精华片14250mg180片
31401,Swisse女性复合维生素120片
31402,Swisse麦卢卡蜂蜜净化面膜50ml
31403,Swisse梅子味叶绿素液500ml
31404,Swisse辅酶Q10g胶囊150m50粒
31405,Swisse婴幼儿柠檬酸钙D胶囊60粒
31406,Swisse卵磷脂胶囊1200mg150粒
31407,Swisse维C泡腾片60片
31408,Swisse高强度西芹籽精华胶囊5000mg50粒
31409,Swisse婴幼儿维生素D3滴剂30ml
31410,Swisse儿童益智鱼油咀嚼胶囊90粒
31411,Swisse婴幼儿维生素D滴剂30ml
31412,Swisse儿童复合维生素咀嚼片120片
31413,Swisse无腥味高强度野生鱼油胶囊1500mg400粒/盒
31414,Swisse无腥味高强度野生鱼油胶囊1500mg400粒
31415,Wyeth惠氏S-26铂臻HMO配方奶粉900g1段0-6个月
31416,Wyeth惠氏S-26铂臻HMO配方奶粉900g2段6-12个月
31417,Wyeth惠氏S-26铂臻HMO配方奶粉900g3段1-3岁
31418,爱智宝婴儿配方奶粉2段
31419,安热沙金钻防晒霜SPF50+60ml/瓶
31420,芭乐雅玻尿酸精华晚霜
31421,超品能量型维生素运动饮料--经典口味
31422,超品能量型维生素运动饮料--可乐口味
31423,超品能量型维生素运动饮料--零度口味
31424,超品能量型维生素运动饮料--苹果口味
31425,超品能量型维生素运动饮料--奇异果&柠檬口味
31426,超品能量型维生素运动饮料--西瓜口味
31427,德国Doppelherz双心补铁口服液500ml/瓶
31428,德国HiPP喜宝益生元婴幼儿奶粉PRE段
31429,德国HiPP喜宝有机婴幼儿奶粉ab12+段
31430,德国HiPP喜宝益生元婴幼儿奶粉3段
31431,德国HiPP喜宝益生元婴幼儿奶粉1段
31432,喜宝有机BIO1段
31433,喜宝有机奶粉Pre阶（17版）600g/盒
31434,德国Salus莎露斯Floradix有机红铁片126/盒
31435,德国Salus莎露斯补铁叶酸胶囊
31436,德国Salus莎露斯青少年补钙、维他命D3营养液250毫升/瓶
31437,德国Salus莎露斯儿童铁元250mL
31438,德国Bambinchen蓝色星球婴幼儿羊奶粉1段400g
31439,德国Bambinchen蓝色星球婴幼儿羊奶粉2段400g
31440,德国Bambinchen蓝色星球婴幼儿羊奶粉ab12段400g
31441,德国Salus莎露斯野玫瑰果天然氨糖软骨素口服液500ml/瓶
31442,德国Salus莎露斯Floradix铁元草本滋补液红元500ml/瓶
31443,德国世家律动抗敏甘露安瓶S
31444,德国世家律动玫瑰日霜清爽型
31445,德国世家律动调理液
31446,德国世家律动夜间甘露安瓶N
31447,德国世家香蜂草日霜
31448,德国世家夜间修护精华液
31449,蒂佳婷灰色药丸水润面膜5片/盒
31450,蒂佳婷绿色药丸水润面膜5片/盒
31451,蒂佳婷蓝色药丸锁水面膜5片/盒
31452,菲仕乐烹饪计时器
31453,菲仕乐味达维专业压力锅
31454,福腾宝CERADURPLUS系列中华炒锅
31455,好奇（Huggies）婴儿纸尿裤铂金装韩国进口M72+4片
31456,好奇（Huggies）婴儿纸尿裤铂金装韩国进口XL44+4片
31457,好奇（Huggies）婴儿纸尿裤铂金装韩国进口NB76+4片
31458,好奇（Huggies）婴儿纸尿裤铂金装韩国进口S76+4片
31459,好奇(Huggies)成长裤魔术系列5段XL33片加大号尿不湿男宝13-18kg(韩国原装进口)
31460,好奇(Huggies)成长裤魔术系列4段L40片大号尿不湿男宝10-14kg(韩国原装进口)
31461,好奇(Huggies)成长裤魔术系列4段L40片大号尿不湿女宝10-14kg(韩国原装进口)
31462,贺本清小甘菊护手霜
31463,雅漾舒活泉喷雾
31464,皇家美素佳儿香港版成长配方奶粉3段800g/罐
31465,皇家美素佳儿香港版成长配方奶粉4段800g/罐
31466,皇家美素佳儿香港版较大婴儿配方奶粉2段800g/罐
31467,皇家美素力香港版婴儿配方奶粉1段800g/罐
31468,惠氏BABYNES较大婴儿配方奶粉5段26粒/盒港版
31469,惠氏BABYNES较大婴儿配方奶粉6段26粒/盒港版
31470,惠氏乳蛋白部分水解较大婴儿配方奶粉4段26粒/盒港版
31471,惠氏BABYNES乳蛋白部分水解较大婴儿配方奶粉4段26粒/盒港版
31472,惠氏BABYNES乳蛋白部分水解婴儿配方奶粉1段26粒/盒港版
31473,惠氏BABYNES乳蛋白部分水解婴儿配方奶粉2段26粒/盒港版
31474,惠氏乳蛋白部分水解婴儿配方奶粉2段26粒/盒港版
31475,惠氏BABYNES乳蛋白部分水解婴儿配方奶粉3段26粒/盒港版
31476,惠氏孕产妇配方奶粉(哺乳期)26粒/盒港版
31477,惠氏乳蛋白部分水解婴儿配方奶粉1段26粒/盒港版
31478,惠氏乳蛋白部分水解婴儿配方奶粉3段26粒/盒港版
31479,惠氏孕产妇配方奶粉(孕期)26粒/盒港版
31480,兰芝调色隔离霜SPF25粉色30ml/支
31481,兰芝调色隔离霜SPF25绿色30ml/支
31482,兰芝调色隔离霜SPF25紫色30ml/支
31483,满趣健草饲婴幼儿配方奶粉3段730g/罐
31484,美国雅培AbbottPureBliss婴幼儿奶粉(0-12个月)700g
31485,美国雅培AbbottPureBliss婴幼儿奶粉(12-36个月)700g
31486,瑞士雀巢婴幼儿配方奶粉超级白金版3段800g/罐
31487,瑞士雀巢婴幼儿配方奶粉超级白金版2段800g/罐
31488,雅培心美力幼儿配方奶粉2段
31489,雅培心美力幼儿配方奶粉1段
31490,雅培乳清蛋白部分水解婴儿配方奶粉2段
31491,雅培心美力幼儿配方奶粉3段
31492,雅培乳清蛋白部分水解婴儿配方奶粉3段
31493,普贝缇伊丽莎白安妮儿童保湿润肤乳100ml
31494,普贝缇伊丽莎白安妮滋养柔顺洗发水125ml
31495,雀巢婴幼儿配方奶粉EVOLIAHA2段800g
31496,雀巢婴幼儿配方奶粉EVOLIAHA3段800g
31497,雀巢婴幼儿配方奶粉EVOLIAHA1段800g
31498,瑞士雀巢婴幼儿配方奶粉超级白金版1段800g/罐
31499,施巴柔润保湿面霜
31500,施巴婴儿身体乳
31501,双立人MT系列不锈钢皂
31502,双立人凯蒂猫儿童餐具
31503,双心多维叶黄素玉米黄素胶囊
31504,双心维生素C加锌泡腾片
31505,喜宝HiPP小黄鸭婴儿洗手洗脸液填充装二合一250ml/瓶
31506,喜宝HiPP小黄鸭子泡泡洗手洗脸液二合一250ml
31507,喜宝HiPP婴幼儿童免敏小海狮儿童洗发沐浴乳二合一200ml
31508,喜宝小乌龟儿童护肤霜100ml/瓶
31509,喜力特PROFI系列炒锅
31510,喜力特SELARASTONE系列炒锅
31511,雅培Alimentum深度水解婴儿配方奶粉1段
31512,雅培粉末冲剂混合水果味1盒
31513,雅培乳清蛋白部分水解婴儿配方奶粉1段
31514,雅培心美力HMO乳蛋白部分水解较大婴儿配方奶粉2段820克/罐
31515,雅培心美力HMO乳蛋白部分水解婴儿配方奶粉1段820克/罐
31516,雅培心美力HMO乳蛋白部分水解幼儿配方奶粉3段820克/罐
31517,雅培营养冲剂香橙味1盒
31518,英格拉姆护手霜75ml
